material;descricao;categoria
31_000000279;BROCA CONICA AR 10,5MM DIN-345  TWILL;Rotativas
31_000000283;BROCA CONICA AR 14,0MM DIN-345;Rotativas
31_000000262;BROCA PARA. AR 6,0 DIN338 TWILL / DORMER;Rotativas
31_000021908;DISCO CORTE 115x1,0x22 AI ABF-4 P/ INOX;Abrasivos
31_000011072;DISCO CORTE 4.1/2''x1/8''x7/8'' ALCAR;Abrasivos
31_000011073;DISCO CORTE 7''x1/8''x7/8'' fab. ALCAR;Abrasivos
31_000000346;DISCO DE CORTE 230X2X32MM SK6AA;Abrasivos
31_000001089;"DISCO DESB.4.1/2""x1/4''x7/8'' / 115x6,4";Abrasivos
31_000006148;FRESA TOPO R216.34-10050-AK22H Ø10,0mm;Rotativas
31_000002453;REBOLO 152X19X31,75 A80N6V13 RT.;Abrasivos
31_000001837;REBOLO P.M 25x38 DR-30 C221 haste40x6,35;Abrasivos
31_000010492;SERRA CIRCULAR. 285 x 2,0 x 32 80Z;Serra e Lima
31_000028812;SERRA CIRCULAR.285 x 2,0 x 1,7 x 32 x 60;Serra e Lima
31_000000312;"SERRA FITA 1""x4-6x3,50M M-42";Serra e Lima
31_000000284;BROCA CONICA AR 15,0MM DIN-345 TWILL;Rotativas
31_000000286;BROCA CONICA AR 16,0MM DIN-345(DORMER);Rotativas
31_000001476;BROCA CONICA AR 20,0MM DIN-345;Rotativas
31_000024583-R;BROCA ESC. MD D4,20x14 (24583-AFIADA);Rotativas
31_000025541;BROCA MD Ø 14,1X65XD14X115L ALCRONA;Rotativas
31_000000258;BROCA PAR. AR  5,0 DIN338 TWILL / DORMER;Rotativas
31_000000252;BROCA PARALELA AR  3,8MM;Rotativas
31_000022676;CALÇO CT16476 WPSTN33 P/MTJNR/L;Acessórios de torno
31_000000222;CALÇO P/PORTA FERR.170.3-852;Porta Ferramentas
31_000023083;INSERTO TCMT 110208-LM MC7025;Insertos
31_000027591;INSERTO TNMG 160412 RS MP9015;Insertos
31_000028555;INSERTO TNMG 160412 UR YG3020 (YG1);Insertos
31_000000185;MACHO MAQ. M6+0,05 DIN 371;Rotativas
31_000021009;PARAFUSO CS350860T / 5513.020.09;Acessórios de torno
31_000022680;PARAFUSO PS05.050.250 (SCLS105) MTJNR/L;Acessórios de torno
31_000026789;PINO LLP 14;Acessórios de torno
31_000023719;PORTA FERR. AR15 2020 W4 CANAL LARG. 4,0;Porta Ferramentas
31_000001598;PORTA FERRAMENTA MTJNR 2020 K-16;Porta Ferramentas
31_000000254;BROCA PAR. AR 4,0 DIN338 TWILL / DORMER;Rotativas
31_000000271;BROCA PAR. AR 8,0 DIN338 TWILL / DORMER;Rotativas
31_000000255;BROCA PARALELA AR  4,1MM DIN 338;Rotativas
31_000000256;BROCA PARALELA AR  4,2MM;Rotativas
31_000000259;BROCA PARALELA AR  5,1MM DIN 338;Rotativas
31_000001088;"DISCO DESB.7""x1/4''x7/8'' / 178x6,4x22,2";Abrasivos
31_000001959;INSERTO TNGA 160408-HTI 05T;Insertos
31_000004381;INSERTO VCMW 160408 HTI10;Insertos
31_000000191;LIMA ROT. ESF.-6x5,4x4-6x50 TYROLIT;Serra e Lima
31_000012419;LIMA ROTATIVA  SKM 0613 3S Z3P;Serra e Lima
31_000000193;LIMA ROTATIVA 472.501.20;Serra e Lima
31_000018206;LOGOTIPO MARC. MÊS E ANO 2024 FI-251-CT;Logotipo
31_000000181;MACHO MAQ. HEL. M8x1,25 260/2 OX FAB.OSG;Rotativas
31_000019048;REBOLO 203,2x25,4x31,75  A60N6V13;Abrasivos
31_000002995;REBOLO P.M 13x25 DR30 C187 haste 40x6,35;Abrasivos
31_000004803;BROCA MD 5,0 mm DIN 338 C/ EX-TREME;Rotativas
31_000000277;BROCA PAR. AR  9,0 DIN338 TWILL / DORMER;Rotativas
31_000006146;FRESA FTR MD3C Ø6x20xD6x60L XTR 21260600;Rotativas
31_000006147;FRESA FTR MD4C Ø8x25xD8x80L FUT 88422074;Rotativas
31_000012811;INSERTO TNMG 160408- TF IC908;Insertos
31_000002887;INSERTO TPEN 2204 PDR F7030;Insertos
31_000028333;LOGOTIPO 39 2H44310 FI 016 CT;Logotipo
31_000000184;MACHO MAQ. M5 6H 250/1 DIN 371;Rotativas
31_000009910;REBOLO P.MONTADA  C170 DRV Haste 3,17mm;Abrasivos
31_000000249;BROCA PAR. AR 3,0MM D-338 TWIIL / DORMER;Rotativas
31_000000268;BROCA PAR. AR 6,9 DIN-338 TWILL / DORMER;Rotativas
31_000019705;INSERTO BDMT 11T308ER-JT PR1210;Insertos
31_000026021;MACHO MAQ. M10x1,25 5HX  OIL-MT ES ALTIN;Rotativas
31_000000183;MACHO MAQ. M4X0,7 116/2 ANSI  fab. OSG;Rotativas
31_000002996;REBOLO P.M 8x20 DR30 C187 haste 40x6,35;Abrasivos
31_000000240;BROCA PARALELA AR  1,5MM;Rotativas
31_000000203;"LIMA FACA M-8""  STARRET";Serra e Lima
31_000000194;LIMA MEIA CANA BASTARDA  B-6''  STARRETT;Serra e Lima
31_000028191;LOGOTIPO 006297/2019 2YA02310 FI xxx CT;Logotipo
31_000028192;LOGOTIPO 006298/2019 2YA05310 FI xxx CT;Logotipo
31_000028271;LOGOTIPO 008011/2019 INM. 32/54/55/73320;Logotipo
31_000028281;LOGOTIPO 008013/2019 INMETRO 2H37/73310;Logotipo
31_000028278;LOGOTIPO 44 2H73310 FI 008 CT;Logotipo
31_000028272;LOGOTIPO INSIDE 2H54320 FI-006 CT;Logotipo
31_000025887;LOGOTIPO MARC. FI-007 DRIVE (3H69130);Logotipo
31_000027151;LOGOTIPO MARC. MUSASHI 41 (2YA03310);Logotipo
31_000027150;LOGOTIPO MARC. Nº 40 MUSASHI (2YA05310);Logotipo
31_000028277;LOGOTIPO MUSASHI 2H24/32/54/73320;Logotipo
31_000028282;LOGOTIPO MUSASHI 2H73310 FI 009 CT;Logotipo
31_000000250;BROCA PAR. AR 3,3 DIN 338 TWILL / DORMER;Rotativas
31_000000247;BROCA PARALELA AR  2,0MM DIN-338;Rotativas
31_000000248;BROCA PARALELA AR  2,5MM DIN 338;Rotativas
31_000011476;INSERTO ROSCA INT. WT16 IR G60 WM 2020;Insertos
31_000022792;INSERTO TPGX 080208-HTI10;Insertos
31_000000189;LIMA AGULHA MEIA CANA M-140MM;Serra e Lima
31_000000202;"LIMA FACA M-6"" MURÇA C/CABO STARRET";Serra e Lima
31_000028280;LOGOTIPO 008012-2019INMETRO2H23/25/27310;Logotipo
31_000028785;LOGOTIPO 2H40/73310 DIVERSO-FI-254-CT;Logotipo
31_000013343;LOGOTIPO 3,5mm FI001CT (3H29110/3H82110);Logotipo
31_000028820;LOGOTIPO DIVERSO-FI-263-CT;Logotipo
31_000014719;LOGOTIPO GF6 14T 2H32320-FI-012-CT;Logotipo
31_000014720;LOGOTIPO INSIDE 2H32/55320;Logotipo
31_000028274;LOGOTIPO INSIDE 2H73320 FI 006 CT;Logotipo
31_000028275;LOGOTIPO KBP 15T 2H73320 FI-007 CT;Logotipo
31_000028273;LOGOTIPO KWF E1 16T 2H54320 FI-008 CT;Logotipo
31_000025413;LOGOTIPO MARC. MIN TH 3,5mm (3H69130);Logotipo
31_000027148;LOGOTIPO MARC. Nº 39T MUSASHI (2YA02310);Logotipo
31_000028666;LOGOTIPO MARCAÇÃO INMETRO 2H72320-FI-002;Logotipo
31_000028665;LOGOTIPO MARCAÇÃO K62 14T / MUSASHI;Logotipo
31_000028332;LOGOTIPO MUSASHI 2H23/25/44310;Logotipo
31_000000186;MACHO MAQ. M6 6H 250/1 DIN 371;Rotativas
31_000001670;MACHO MAQ. M8x1,25 260/1 DIN 376-OX  OSG;Rotativas
31_000002915;BROCA CENTRO AR HSCO Ø3x7,5x10x55L;Rotativas
31_000027792;BROCA CENTRO MD 2C Ø3x7,5xD10x55L S/COB;Rotativas
31_000024583;BROCA ESC. MD D4,20x14,9xD5 88424001-T3;Rotativas
31_000028158;CALÇO MD DW0198Z (P/SUPORTE MTLNR/L);Acessórios de torno
31_000009898;CHAVE TORX T20;Acessórios de torno
31_000004753;DRESSADOR SINTETI. 55º R0,5 DES:97395105;Dressadores
31_000005443;FRESA DE TOPO RETO 7226-16 Ø16,0 mm;Rotativas
31_000017962;FRESA T. MD. 4C. Ø10x10x52X95 88422080;Rotativas
31_000010732;FRESA WOOD. 13,5x2,5xR0,2;Rotativas
31_000026792;GRAMPO DE FIXAÇÃO DCK 2613;Acessórios de torno
31_000022678;GRAMPO GR002 CCK13 P/ MTJNR/L;Acessórios de torno
31_000025924;INSERTO DNMG 130504 MT TT8125B;Insertos
31_000006000;INSERTO DNMG 150604-LP MC6015;Insertos
31_000023720;INSERTO GY2M0400G040N-MM VP20RT;Insertos
31_000016864;INSERTO SCMT 09T312- MS PM 9015;Insertos
31_000012717;INSERTO TCMT 110204-SM IC908;Insertos
31_000003045;INSERTO TNMG 160404-SA UE 6105;Insertos
31_000028671;INSERTO TNMG 160412 SA MC6115;Insertos
31_000028641;INSERTO TNMG 160412N EG AC6030M;Insertos
31_000022901;INSERTO TNMG 160412-SA UE6105;Insertos
31_000008769;INSERTO VNMG 12T304-NF IC907;Insertos
31_000023736;INSERTO WNMG 080408-MA MC6015;Insertos
31_000022337;MOLA - DCS2  p/ DDJNL/R;Outros
31_000027012;PARAFUSO DE FIXAÇÃO DC 0621T;Acessórios de torno
31_000024967;PARAFUSO DO GRAMPO DLS 4  P/ THSNR/L;Acessórios de torno
31_000002831;PINO DE ACO 5313.021.02;Acessórios de torno
31_000027800;PORTA FERR. DDJNL 2525 M15;Porta Ferramentas
31_000001268;PORTA FERRAMENTA MTJNL 2525 M-16;Porta Ferramentas
31_000007332;REBOLO 406x12x127/406x12x127  DA60 GP538;Abrasivos
31_000005694;REBOLO RT 410x40x127 3SK80J6V8N GP-534;Abrasivos
31_000022880;BROCA CENTRO HSS FORM A 60 A201  2,0x6,0;Rotativas
31_000010093;BROCA ESC. MD 2C Ø3,15x9x6x90L FUT;Rotativas
31_000001647;BROCA PAR. AR 2,0 D-340 TWILL / PAVONADA;Rotativas
31_000007223;BROCHA 40 BC 50/7 C/REVESTIM. BALINIT A;Revestimentos
31_000011642;BROCHA 40 BC 50/9 REFIL;Brocha
31_000012192;CARACOL 15HE14/3;Caracol e Fell
31_000015193;CHAVE TORX  TKY08F;Acessórios de torno
31_000008850;CHAVE TORX T10/5 P/INSERTO LNMX-11;Insertos
31_000001948;CHAVE TORX T-15 5680.049-01;Acessórios de torno
31_000008855;CHAVE TORX T9/5 p/SVJNL-12;Acessórios de torno
31_000025919;CHAVE TORX TORQUIMETRO 5680.100-05 T10;Acessórios de torno
31_000025565;DISCO DE CORTE 50x2,5x10mm;Abrasivos
31_000001447;DISCO DE CORTE 65x2,5x10mm;Abrasivos
31_000026158;INSERTO CCMT 060204 WP PV720;Insertos
31_000028713;INSERTO CCMT 060204E-FF2 TT010;Insertos
31_000016111;INSERTO CCMT 060204-PF GH730 TUNGALOY;Insertos
31_000023054;INSERTO CCMT 09T304-MM MC7025;Insertos
31_000028263;INSERTO CCMT 09T308 PP PR1725;Insertos
31_000027456;INSERTO DGN 2202C IC 354;Insertos
31_000027455;INSERTO DGN 3102C IC 354;Insertos
31_000007682;INSERTO GIP 1.00-0.05 IC908;Insertos
31_000022620;INSERTO NG2M 120RK KC5025;Insertos
31_000028234;INSERTO SNMG 120408-SA UE6105;Insertos
31_000013246;INSERTO TNMG 160408 MA UE6020;Insertos
31_000013245;INSERTO TNMG 160408 SA UE6105;Insertos
31_000009799;INSERTO TNMG 160412-GH UC5115;Insertos
31_000020822;INSERTO WNMG 080408-WG IC8150;Insertos
31_000005606;LIMA FACA DIAMANTADA ELETROLITICA;Serra e Lima
31_000000200;LIMA PARALELA DIAMANTADA ELETROLITICA;Serra e Lima
31_000008851;PARAFUSO SR 14-551 P/CALÇO SVJNL-11;Acessórios de torno
31_000010331;PARAFUSO SR 16-236;Acessórios de torno
31_000027496;PARAFUSO TPS 351 P/BROCA Ø26,.mm DIFF;Rotativas
31_000006116;PARAFUSO TPS43 M4x0,7xD5,4x10 60°;Acessórios de torno
31_000015192;PARAFUSO TS25   ( MITSUBISHI );Acessórios de torno
31_000022677;PINO DO CALÇO PI36185 ( CCP33 ) p/ MTJNR;Acessórios de torno
31_000009476;PORTA FERR. A16R SCKCR-09 82 002 9776;Porta Ferramentas
31_000011513;PORTA FERR. DGFH-32-2;Porta Ferramentas
31_000007681;PORTA FERR.GHGL 20-2;Porta Ferramentas
31_000001483;PORTA FERR.S16R SCLCL-09M (07214395);Porta Ferramentas
31_000001597;PORTA FERRAMENTA MTJNL 2020 K-16;Porta Ferramentas
31_000024531;SHAVING 15 CS 14 / 2;Shaving
31_000007118;SHAVING 15 CS 14/1;Shaving
31_000012176;SUPORTE BROCHA REFIL ( 19,78x8,85x6,0 );Brocha
31_000012180;SUPORTE BROCHA REFIL ( 19,98x9,0x6,0 );Brocha
31_000008901;BROCA M.D 4,20MM;Rotativas
31_000025541-R;BROCA MD Ø 14,1X65XD14 (25541-AFIADA);Rotativas
31_000000269;BROCA PAR. AR 7,0 DIN338 TWILL / DORMER;Rotativas
31_000007543;BROCHA 40 BC50/8 C/ REVESTIM. BALINIT A;Revestimentos
31_000028554;INSERTO CCGW 060208 NU BN2000;Insertos
31_000018062;INSERTO DCMT 070204-GP PV7010;Insertos
31_000007683;INSERTO PENTA N178 J018 IC908;Insertos
31_000024231;INSERTO TCMT 110204-FV AP25N;Insertos
31_000021024;INSERTO TNGX 110308S-01020-WZ CBN010;Insertos
31_000010759;INSERTO VNMG 12T308-NF IC907;Insertos
31_000014874;INSERTO XCMT 070304-MF IC908;Insertos
31_000024968;MOLA DSP 4  P/ THSNR/L;Outros
31_000023262;PORTA FER S16R STZCL11 45° D12 07214374;Porta Ferramentas
31_000023263;PORTA FER S16R STZCR11 45° D12 (07214396;Porta Ferramentas
31_000024229;PORTA FERR. A32H SC1T2LCLR - 08183353;Porta Ferramentas
31_000020398;PORTA FERR. A32H ST1C2LCRL - 08183354;Porta Ferramentas
31_000023120;PORTA FERR.DSSNL 2020 M12;Porta Ferramentas
31_000001896;PORTA FERR.S16R SCLCR-09M (07214373);Porta Ferramentas
31_000007224;BROCHA 40 BC50/6 C/ REVESTIM. BALINIT A;Revestimentos
31_000012174;BROCHA REFIL 40BC50/11;Brocha
31_000002064;CALÇO 5322-331-07;Acessórios de torno
31_000021597;CARACOL 17HE17/1;Caracol e Fell
31_000025950;INSERTO CCMT 09T308 MK MC5015;Insertos
31_000027688;INSERTO TNGN 110308S 01525 CH0550;Insertos
31_000027777;INSERTO TNMG 130408 EM TT5080;Insertos
31_000028163;INSERTO VNMG 160408 MP MC6025;Insertos
31_000013253;INSERTO WNMG 080412 MH UE6105;Insertos
31_000028831;INSERTO WXGU040308L-HP-BXA20;Insertos
31_000005605;LIMA TRIANGULAR DIAMANTADA ELETROLITICA;Serra e Lima
31_000027014;PARAFUSO 3212 030 351(BARRA ANTI VIBRATO;Acessórios de torno
31_000028236;PARAFUSO TS43;Acessórios de torno
31_000028235;PARAFUSO TS44;Acessórios de torno
31_000002067;PINO DE ACO 5313.022.03;Acessórios de torno
31_000001887;PORTA FERR.MWLNL 2020 K-08;Porta Ferramentas
31_000001600;PORTA FERRAMENTA MTJNR 2525 M-16;Porta Ferramentas
31_000021653;SHAVING 17 CS 17/1;Shaving
31_000001377;BROCA PAR. AR 6,8 DIN338 TWILL / DORMER;Rotativas
31_000000266;BROCA PARALELA AR  6,2 mm DIN 338;Rotativas
31_000024270;CALÇO 5322-425-01 P/DSSNR/L;Acessórios de torno
31_000000227;CALÇO P/PORTA FERR. 5322.270-01;Porta Ferramentas
31_000026785;CALÇO P/PORTA FERR. SSN 43Z;Porta Ferramentas
31_000004412;CARACOL 20HE20/B;Caracol e Fell
31_000000233;GRAMPO 170.38-820;Acessórios de torno
31_000028639;INSERTO GY2M0300F080N-MM VP20RT;Insertos
31_000025838;INSERTO HNMG 050408-GU TT7015;Insertos
31_000001958;INSERTO TNGA 160404 HTI-05T (MITSUBISHI);Insertos
31_000001976;INSERTO VCMW 160404 HTI10;Insertos
31_000025808;INSERTO WNMG 06T304-MS US7020;Insertos
31_000008767;INSERTO WNMG 06T308 MP MC6015;Insertos
31_000000375;PARAFUSO 5513.020.01;Acessórios de torno
31_000024966;PARAFUSO DO CALÇO SO 4005I P/ THSNR/L;Acessórios de torno
31_000022338;PARAFUSO DO GRAMPO - DC0520T p/ DDJNL/R;Acessórios de torno
31_000024528;PORTA FER. METAL DURO C16R SCLCL-09;Porta Ferramentas
31_000007071;PORTA FERR. A16R SCKCL-09 82 002 09777;Porta Ferramentas
31_000011355;PORTA FERR. DGFH-32-3;Porta Ferramentas
31_000001509;PORTA FERR.SVJBR 2020 K-16;Porta Ferramentas
31_000027774;SHAVING 20CS20/26;Shaving
31_000001435;ALAVANCA 174.3-840M;Acessórios de torno
31_000009051;ALAVANCA LLCL 13S;Acessórios de torno
31_000025460;BROCA MD Ø 12,5X45XD12X90L FUT TOP;Rotativas
31_000000265;BROCA PARALELA AR  6,1MM;Rotativas
31_000025464;BROCHA 15 BE 11/2;Brocha
31_000025465;"BROCHA 40 BC 50/14 C/ REV. BALINIT ""A""";Brocha
31_000024969;CALÇO TSH 44 P/ THSNR/L;Acessórios de torno
31_000024962;CALÇO WST 2,52 P/ WTJNR/L;Acessórios de torno
31_000005432;FRESA TOPO ESF. Ø6x12x6x50L (23160600);Rotativas
31_000012247;INSERTO CCMT 060208  UE6110;Insertos
31_000025811;INSERTO CNGA 120408 T7 WZ AB2010;Insertos
31_000027158;INSERTO CNMG 120412-RK MC5005;Insertos
31_000025844;INSERTO GY2M0300F04N-MM VP 10RT;Insertos
31_000027207;INSERTO SOMX 094506-UM VP15TF;Insertos
31_000019913;INSERTO TNGA 160408 AB 2010;Insertos
31_000024937;INSERTO TNMG 130412-MT TT8125;Insertos
31_000025402;INSERTO TNMG 160408 MP MC6015;Insertos
31_000025638;INSERTO WNMG 080416 - RK MC5015;Insertos
31_000009052;PARAFUSO LLCS 10 5;Acessórios de torno
31_000024963;PINO DO CALÇO WSS 2052   P/ WTJNR/L;Acessórios de torno
31_000027334;PORTA F S15KSCLCR06 2G03/4/5750 09193741;Porta Ferramentas
31_000020339;PORTA FERR. A10K SCKCL-06;Porta Ferramentas
31_000021643;PORTA FERR. MD C10K SCLCL-06;Porta Ferramentas
31_000018941;PORTA FERR. MD C10K SCLCR 06;Porta Ferramentas
31_000024935;PORTA FERR. THSNR 2525 M05;Porta Ferramentas
31_000001892;PORTA FERR.S10M SCLCL-06 (82 005 00507);Porta Ferramentas
31_000001893;PORTA FERR.S10M SCLCR-06 (82.005.212);Porta Ferramentas
31_000008871;PORTA FERRAMENTA A16M PWLNL-06;Porta Ferramentas
31_000023687;BROCA ESP. 2,05x6xD4x60L  S/COBERTURA;Rotativas
31_000023019;BROCA MD Ø7,0 ( D7x69xD8x109L ) 88424063;Rotativas
31_000017910;BROCHA 19 BE 15/9;Brocha
31_000010084;BROCHA 6 BS 40/5;Brocha
31_000000124;BROCHA 6BS50/1 S/ REVESTIMENTO;Revestimentos
31_000028647;BRUNIDOR 3,5x7,1x30x1,5 B64/AZ/D/75;Brunidores
31_000020715;BRUNIDOR 3,5x8,65x29,9x2 MS025 AMAROK;Brunidores
31_000028718;BRUNIDOR 3,5x8,65x30 S AB N60202;Brunidores
31_000028524;BRUNIDOR PARA HASTE Ø10mm;Brunidores
31_000010613;BRUNIDOR SINT ( MS-20 ) 3,5x7,1x29,9x1,5;Brunidores
31_000005475;BRUNIDOR SINT. BORAZON MSØ1Ø;Brunidores
31_000010508;BRUNIDOR SINT.3,5x8,65x29,9x2 MAB G 053;Brunidores
31_000008853;CALÇO AV12 P/SVJNL-12;Acessórios de torno
31_000001526;CARACOL 17HE20/3 GH23845;Caracol e Fell
31_000027081;CARACOL 17HE20/A;Caracol e Fell
31_000011334;CARACOL 20HE20/A - 3THD CORTE A SECO;Caracol e Fell
31_000002817;CHAVE TORX BANDEIRA T6 TKYO6F;Acessórios de torno
31_000025918;CHAVE TORX TORQUIMETRO 5680.100-03 T8;Acessórios de torno
31_000022681;CUNHA CN003 CPT13 P/ MTJNR/L;Acessórios de torno
31_000005513;FELLOWS GF-18566;Caracol e Fell
31_000028142;INSERTO CCMT 09T304-LS MP 9015;Insertos
31_000022920;INSERTO CCMT 09T308 MM MC7025;Insertos
31_000026704;INSERTO GDM 2013N 020GMI PR1535;Insertos
31_000005662;INSERTO GRIP 3003Y IC354 ISCAR;Insertos
31_000007354;INSERTO GRIP 476.08OY IC354;Insertos
31_000012246;INSERTO GRIP 5025Y IC908  ISCAR;Insertos
31_000023959;INSERTO GY2M0400G020N-MM VP20RT;Insertos
31_000023789;INSERTO GY2M0400G080N-MM VP20RT;Insertos
31_000002942;INSERTO TCMT 110202 US735;Insertos
31_000005471;INSERTO TGMF 402 IC354 - ISCAR;Insertos
31_000013248;INSERTO TPMH 080204 MV UE6020;Insertos
31_000023009;INSERTO VBMT 160404-UE 6110;Insertos
31_000025284;INSERTO VBMT 160408 MP MC6015;Insertos
31_003102901;MOLA 9-1204-26 MDL;Outros
31_003103079;MOLA MDL 9-1004-21;Outros
31_003103076;MOLA MDL 9-1205-11;Outros
31_000022679;MOLA MOLO1 ( MES2 ) p/ MTJNR/L;Outros
31_000026787;PARAFUSO TS2D M2x4xD3,8x5,3 82°;Acessórios de torno
31_000013364;PINO - PA12;Acessórios de torno
31_000013351;PORTA FER. METAL DURO FSTUP1008R-08E Ø8;Porta Ferramentas
31_000015401;PORTA FERR. A16R SSKCL-09 (820050623);Porta Ferramentas
31_000023956;PORTA FERR. AL15 2020 W4 CANAL LARG. 4,0;Porta Ferramentas
31_000010266;PORTA FERR. GEHIR 16-13-3;Porta Ferramentas
31_000025282;PORTA FERR. LGY 20-30/53-4T08FD;Porta Ferramentas
31_000025283;PORTA FERR. RGY 20-30/53-4T08FD;Porta Ferramentas
31_000023544;PORTA FERR. S16R-SCUCL-06 8200209429;Porta Ferramentas
31_000001324;PORTA FERR.S12M STFCL-11 82 005 101;Porta Ferramentas
31_000001939;PORTA FERR.S25T SVJBL-16;Porta Ferramentas
31_000001940;PORTA FERR.S25T SVJBR-16;Porta Ferramentas
31_000001925;PORTA FERR.SVJBL 2020 K-16;Porta Ferramentas
31_000008771;PORTA FERR.SVJNL 2020K-12F;Porta Ferramentas
31_000015184;PORTA FERR.SVJNR 2020K-12F;Porta Ferramentas
31_000010498;SHAVING 17 CS 20/6  ( DT-8436/05 );Shaving
31_000011887;SHAVING 17 CS 20/9  DT 8663/06 (PEÇA);Shaving
31_000024336;SHAVING 20 CS 20/17;Shaving
31_000027106;SHAVING 20 CS 20/55;Shaving
31_000025274;SHAVING 20CS20/18;Shaving
31_000028640;BRUNIDOR 3,5x8,9X32 B64/D/75;Brunidores
31_000005476;BRUNIDOR SINT. BORAZON MSØ12;Brunidores
31_000012225;BRUNIDOR SINT.2,3x7,4x29,9x1,5 MS-020;Brunidores
31_000018312;CARACOL 30HC63/3;Caracol e Fell
31_003104476;HASTE DE BRUNIR PARA FURO DE 23MM;Brunidores
31_000000307;BROCA CENTRO AR 2,5X6,3 D333A TWILL;Rotativas
31_000023582;BROCA MD D9x81xD10x125L DIN 338 FUT TOP;Rotativas
31_000000257;BROCA PARALELA AR  4,5MM DIN 338;Rotativas
31_000004881;CALÇO P/ PORTA FERR. SUP-32;Porta Ferramentas
31_000026786;CALÇO P/PORTA FERR. LLSDN 43;Porta Ferramentas
31_000022318;CALÇO P/PORTA FERR. MB 11138 P/TNGX;Porta Ferramentas
31_000020972;CARACOL 20HE20/17;Caracol e Fell
31_000023293;CARACOL 20HE20/18 CR1G039339;Caracol e Fell
31_003096860;ESCOVA P/REBARBAR Ref. 022286-9907 D150;Outros
31_000019175;GRAMPO 172.9.826.1 (P/INSERTO TNGX);Insertos
31_000001870;GRAMPO 174.9.830-1;Acessórios de torno
31_000019173;GRAMPO CKM 07 (P/INSERTO TNGX);Insertos
31_000024961;GRAMPO WC2,53 P/ WTJNR/L;Acessórios de torno
31_000028636;INSERTO SOMX094506-UM VP15TF;Insertos
31_000027604;INSERTO TCD 114 P TT 9080 Ø 11,4;Insertos
31_000021024-R;INSERTO TNGX 11030 CBN060 (21024-AFIADA);Insertos
31_000018365;INSERTO TNGX 110308S-01525-WZ CBN060;Insertos
31_003013745;INSERTO TNMG 160408E-SM T9325;Insertos
31_000024808;INSERTO TPMH 080204 - SV NX2525;Insertos
31_000012245;INSERTO VCGT 160404-AZ  HTI10;Insertos
31_000027221;INSERTO VNMG 160404 MA UC5115;Insertos
31_000004103;INSERTO WCMT 020104-AP25N;Insertos
31_000016671;INSERTO XCMT 060204-MF IC908;Insertos
31_000002972;PARAFUSO - 5513-020-28;Acessórios de torno
31_000024964;PARAFUSO DO GRAMPO WCS 2,5  P/ WTJNR/L;Acessórios de torno
31_000010057;PARAFUSO SR 117-2014;Acessórios de torno
31_000019174;PARAFUSO STCM 09 ( P/ INSERTO TNGX );Insertos
31_000024603;PARAFUSO TPS3  ( MITSUBISHI );Acessórios de torno
31_000024820;PORTA FER S23KSCLCLR-06 2F03741 09151861;Porta Ferramentas
31_000019050;PORTA FER. MD. C12M SCLCR-06 14011001468;Porta Ferramentas
31_000019828;PORTA FER. METAL DURO. C12M SCLCL-06;Porta Ferramentas
31_000014727;PORTA FERR.  MTENN 2020 K16;Porta Ferramentas
31_000013254;PORTA FERR. FSTUP 1008R-08S;Porta Ferramentas
31_000005670;PORTA FERR. HELIL 2020-4T12  ISCAR;Porta Ferramentas
31_000005669;PORTA FERR. HELIR 2020-5T12  ISCAR;Porta Ferramentas
31_000001568;PORTA FERR.400.001.313 ESQ.;Porta Ferramentas
31_000001596;PORTA FERR.400.001.440 DIR.;Porta Ferramentas
31_000008872;PORTA FERR.A16M PWLNR-06;Porta Ferramentas
31_000001178;PORTA FERR.PTFNL 2020 K-16;Porta Ferramentas
31_000001246;PORTA FERR.S32U SVQBL-16;Porta Ferramentas
31_000000319;REBOLO 500X50,8X203,2 AA60N6V15 T20;Abrasivos
31_000019602;BROCA ESC. MD Ø D2x8xD6x60L S/ REV.;Rotativas
31_000023582-R;BROCA MD D9x81xD10 (23582-AFIADA);Rotativas
31_000027603;BROCA TCD 110 - 114 16T3 - 3D Ø 11,4;Rotativas
31_000028481;CARACOL 10HE20/3;Caracol e Fell
31_000001931;CARACOL 20HE20/12 GH23844;Caracol e Fell
31_000004558;FELLOWS GF-18072;Caracol e Fell
31_000000198;"LIMA REDONDA  B-10""  STARRETT";Serra e Lima
31_000001436;PARAFUSO 174.3.820M;Acessórios de torno
31_000023958;PORTA FERR. AL152525W4 CANAL LARG. 4,0;Porta Ferramentas
31_000023957;PORTA FERR. AR152525W4 CANAL LARG. 4,0;Porta Ferramentas
31_000005698;PORTA FERR. E08K SWUBR-06 ISCAR;Porta Ferramentas
31_000004107;PORTA FERR. FSWL 108-LS;Porta Ferramentas
31_000025261;PORTA FERR. LGY2525-3T10;Porta Ferramentas
31_000001995;PORTA FERR. SVJCL 2525-16;Porta Ferramentas
31_000028788;PORTA FERR.S0812J SWUBL-06 (ISCAR);Porta Ferramentas
31_000007172;PORTA FERR.S0812J SWUBR-06 (ISCAR);Porta Ferramentas
31_000013900;BROCA MD.2C D6,28x44xD8X80L 88424043 FUT;Rotativas
31_000018025;BROCHA 6 BS 50/5 C/ REVESTIM. BALINIT A;Revestimentos
31_000000088;CARACOL 102HC159/1;Caracol e Fell
31_000001170;CARACOL 85HC127/11;Caracol e Fell
31_000027193;INSERTO CCMT 060202 PF IC907;Insertos
31_000027947;INSERTO DCMT 070204-MV VP15TF;Insertos
31_000000308;BROCA CENTRO AR 3,15X8,0 D-333A TWILL;Rotativas
31_000005961;BROCA MD 4,1 mm DIN 338 C/ EX-TREME;Rotativas
31_000026649;BROCA PAR. MD Ø 5,1X48XØ6X86L S/ REVEST.;Rotativas
31_000002689;BROCHA 110 BX/1;Brocha
31_000004387;"BROCHA 19 BE 15/3 C/ REVEST. ""BALINIT A""";Revestimentos
31_000028595;BROCHA 50BC30/2;Brocha
31_000026634;CALÇO P/PORTA FERR. WPSWN 43;Porta Ferramentas
31_000028482;CARACOL 20HE17/1;Caracol e Fell
31_000026049;CHAVE TORX TORQUIMETRO 5680.100-02 T7;Acessórios de torno
31_000012228;GRAMPO LC 252 SET 1;Acessórios de torno
31_000022921;INSERTO DNMG 150608-LP MC6015;Insertos
31_000001492;INSERTO TCMT 090208-UM 1525;Insertos
31_000002115;INSERTO WCMX 050308-R51 235;Insertos
31_000027975;INSERTO WNMG 080408 MW UC5105;Insertos
31_000028774;INSERTO XCMT 150304 SVXUE6020;Insertos
31_000001458;PARAFUSO 5513.020.05 - SANDVIK;Acessórios de torno
31_000026635;PINO DO CALÇO CCP34 ) p/ MWLNR/L;Acessórios de torno
31_000017626;PORTA FERR. ( BROCA ESP. ) MB-07171 BR;Rotativas
31_000001894;PORTA FERR.S12M SCLCL-06;Porta Ferramentas
31_000001895;PORTA FERR.S12M SCLCR-06;Porta Ferramentas
31_000014644;PORTA FERR.SWBN 1212 H-16 82.007.1084;Porta Ferramentas
31_000023079;SHAVING 20 CS 20/14;Shaving
31_000028469;SHAVING 20 CS 20/29;Shaving
31_000025747;INSERTO CCMW 060208F L1 PCD20;Insertos
31_000008227;PARAFUSO FS1005 (BROCA WALTER);Rotativas
31_000011033;PORTA FERR. A20Q PTFNL 16;Porta Ferramentas
31_000009927;REBOLO RT-405X30X127 DA60 I J8.V8N GP550;Abrasivos
31_000000290;BROCA CONICA AR 21,0MM DIN-345 TWILL;Rotativas
31_000025774;BROCA DR-MF-180-036-25-06-2DN;Rotativas
31_000001361;CARACOL 25HE20/22;Caracol e Fell
31_000001359;CARACOL 25HE20/25;Caracol e Fell
31_003103306;INSERTO CCMT 060204E-FF2 TT010;Insertos
31_000020904;INSERTO ESP. INTERC. SMDT1700MTL-ACX70;Insertos
31_000011525;INSERTO GRIP 3015Y IC908;Insertos
31_000025842;INSERTO SNMG 120408-MA UC 5115;Insertos
31_000019498;INSERTO SOMX 060304-DT IC908;Insertos
31_000028684;INSERTO TPMH110308-FV VP15TF;Insertos
31_000000192;LIMA ROTATIVA ESFE. 8x7,2-6x52 TYROLIT;Serra e Lima
31_000024619;PARAFUSO BXDO2509IP P/ BROCA Ø17 SUMITOM;Rotativas
31_003104489;PORTA FERR. S32K CTUNL11 -0,4 (10235422);Porta Ferramentas
31_003104488;PORTA FERR. S32K CTUNR11 -0,4 (10235423);Porta Ferramentas
31_003104490;PORTA FERR. S40K CTUNL11 -0,4 (10235420);Porta Ferramentas
31_003104487;PORTA FERR. S40K CTUNR11 -0,4 (10235421);Porta Ferramentas
31_000009661;PORTA FERR.A20Q SVUNR-12;Porta Ferramentas
31_000001760;PORTA FERR.S16R STFCL-11 82.005.062;Porta Ferramentas
31_000025350;PORTA FERRAMENTA A25R DWLNR 08;Porta Ferramentas
31_000008171;BROCHA 24 BE 22/1 C/ REVESTIM. BALINIT A;Revestimentos
31_000023814;BROCHA 29 BE 26/2 C/ REVEST.BALINIT A;Revestimentos
31_000017623;BROCHA 32 BE 28/2 C/ REVESTIM. BALINIT A;Revestimentos
31_000024756;BROCHA 33 BE 30/1 C/ REVESTIM. BALINIT A;Revestimentos
31_000012230;CALÇO P/PORTA FERR. IW SN 433;Porta Ferramentas
31_000028816;INSERTO CCMT 060204 SM IC907;Insertos
31_000010270;INSERTO GEPI 3.00-0.20 IC908;Insertos
31_000027764;INSERTO GIMIY 304  IC808;Insertos
31_000020129;INSERTO GIMN 406 IC907;Insertos
31_000027749;INSERTO SCMT 09T304-F1 CP500;Insertos
31_000014930;INSERTO TGMF 404 IC908 - ISCAR;Insertos
31_000028661;INSERTO TPMH 11038 MV MC6025;Insertos
31_000026594;INSERTO TPMH 160308 MV MC5015;Insertos
31_000018446;INSERTO TPMT110308GP PV710;Insertos
31_000024803;INSERTO VCMT 110304-FM VP15TF;Insertos
31_000019242;INSERTO VCMT 110304-SM IC907 - ISCAR;Insertos
31_000019243;INSERTO VCMT 110308-SM IC908 - ISCAR;Insertos
31_000005305;INSERTO VCMT 160408-SM IC907 - ISCAR;Insertos
31_000024861;PORTA FE S12K SCLCR-09 09151839 2D02750;Porta Ferramentas
31_000024843;PORTA FE S16K SCLCR-06 09151845 2Y01750;Porta Ferramentas
31_000024891;PORTA FER A40HSC2XCR-09 09151854 2A02750;Porta Ferramentas
31_000024892;PORTA FER S16K SCLCR-09 09151855 2A02750;Porta Ferramentas
31_000024894;PORTA FER S16K-SCLCL-09 09151858 2A02750;Porta Ferramentas
31_000024863;PORTA FER S20K SCLCL-09 09151842 2D02750;Porta Ferramentas
31_000023351;PORTA FERR. A16R SCUCL-09 MB 17539 BM;Porta Ferramentas
31_000027599;PORTA FERR. A32X STP16R 03172622(2Y01740;Porta Ferramentas
31_000012227;PORTA FERR.MWLNR 2525 M - 8W;Porta Ferramentas
31_000000084;CARACOL 20HE20/1;Caracol e Fell
31_003103451;CHANFRADOR 20DT20/1;Outros
31_000019548;INSERTO DCGW 070208S 01525 L1-B CBN160C;Insertos
31_000026698;ALARGADOR MD Ø4x45x100mm ALTIN;Rotativas
31_000025212;BROCA LY103 MDØ10,5x15Ø8x30Ø14x121,9;Rotativas
31_000028233;BROCA MD Ø 3,8 MVS0380X10S040DP 1020 PVD;Rotativas
31_000024784;BROCA MD Ø 3,84X55XØ4X117L FUT(88424080);Rotativas
31_000024782;BROCA MD RI D4,03x20xD4x70L 8568904;Rotativas
31_000025749;BROCA Ø16,7xØ22xØ20x112 2SO1TP 10151919;Rotativas
31_000025642;BROCA Ø26,6x108 250MX084005 DES.10151928;Rotativas
31_000000267;BROCA PAR. AR 6,3 DIN338 TWILL / DORMER;Rotativas
31_000027212;CALÇO ASD432 D30;Acessórios de torno
31_000026636;CUNHA CN003 CPT24 P/ MWLNR/L;Acessórios de torno
31_000024271;GRAMPO 5412-028-021 P/ DSSNL;Acessórios de torno
31_000026791;GRAMPO DE FIXAÇÃO - BC5;Acessórios de torno
31_000027865;GRAMPO PARAFUSO SCP 2 ( CJTO ) DIFF CASE;Acessórios de torno
31_000024806;INSERTO DCMT 11T308-HQ PV 720;Insertos
31_000028742;INSERTO DCMT 11T312-PS AH8005;Insertos
31_000025845;INSERTO DNMG 150408 KM 3210;Insertos
31_000027015;INSERTO DNMG 150412-KH CA320;Insertos
31_000028682;INSERTO DNMG150412-KR 3225;Insertos
31_000027848;INSERTO SCMT 09T304-MK MC5015;Insertos
31_000025750;INSERTO SOMX 063005-UM VP15TF;Insertos
31_000025636;INSERTO SOMX 084005-UM MC5020;Insertos
31_000027184;INSERTO TNMG 160408 KH CA320;Insertos
31_000026053;INSERTO TNMG 160408 MJ US905;Insertos
31_000028264;INSERTO TNMG 160408 PQ CCX;Insertos
31_000024809;INSERTO TPGH 080204L - FS VP15TF;Insertos
31_000028291;INSERTO TPGW 110308 BNC 500 3NC;Insertos
31_000006170;INSERTO TPGX 110308-HTI05T;Insertos
31_000025843;INSERTO TPMT 110308 KM 3210;Insertos
31_000028686;INSERTO VNMG160408-KM 3210;Insertos
31_000028728;INSERTO WNMA 080412 AC4015K SUMITOMO;Insertos
31_000028239;INSERTO WNMA 080412 K TP1501;Insertos
31_000028438;INSERTO WNMG 080412 KG CA320;Insertos
31_000027394;PARAFUSO BFTX 0307A;Acessórios de torno
31_000026790;PINO H308 - 1CZ;Acessórios de torno
31_000027322;PORTA FERR. 2SOMX OP/1 4F03810 04183166;Porta Ferramentas
31_000025865;PORTA FERR. E40X230 TDUNR15 YU160038 H69;Porta Ferramentas
31_000027323;PORTA FERR. MD OP/2 4F03810 04183167;Porta Ferramentas
31_003104668;ACIONAMENTO C4-TLE-FJ-A;Outros
31_000028818;BROCA ESC. MD 8,8x17x7x39x12x144;Rotativas
31_000028834;BROCA HSS 4,8mm DIN338 DORMER/OSG REVEST;Rotativas
31_000028676;BROCA MD 3,8mm ADF-2D;Rotativas
31_000028233-R;BROCA MD Ø 3,8 MVS0380 (28233-AFIADA);Rotativas
31_000025633;BRUNIDOR A112+17,0/110DES.020.01362-0000;Brunidores
31_000026784;CALÇO P/PORTA FERR. LLSCN 42;Porta Ferramentas
31_000025920;CHAVE TORX TORQUIMETRO 5680.100-06 T15;Acessórios de torno
31_000028618;FRESA HSLB 2030-060;Rotativas
31_000024965;GRAMPO DLM 4 P/ THSNR/L;Acessórios de torno
31_000028741;INSERTO CCMT 060208-PSS AH725;Insertos
31_000024800;INSERTO CCMT 09T308-CM T515;Insertos
31_000028678;INSERTO CNMG120412GZ AC420K;Insertos
31_000028740;INSERTO DCMT 070208-FV VP15TF;Insertos
31_000028680;INSERTO DCMT11T308-CM T5115;Insertos
31_000026545;INSERTO TPGH 110304L FS  VP15TF;Insertos
31_000028743;INSERTO TPGW 110304 TH10;Insertos
31_000028685;INSERTO TPMT110308PS GT9530;Insertos
31_000028855;INSERTO VNMG160408N GU AC4010K;Insertos
31_000028687;INSERTO WDXT063006-G-ACK300;Insertos
31_000028688;INSERTO WDXT094008-G ACK300?;Insertos
31_000028689;INSERTO WNMG080412-CM T5125?;Insertos
31_000028691;MACHO M10x1,25 1121/5 GGO-HP C D374 6HX;Rotativas
31_000028670;MACHO MAQ. M5 0.8+0.04 6H;Rotativas
31_000028692;PINÇA AR 32x16 (3X);Outros
31_000027013;PINO LLP 24;Acessórios de torno
31_000028747;PORTA FERRAM. E40X220 S2CCR09 YU230009T;Porta Ferramentas
31_000028701;PORTA FERRAM. E40x246 SDUCR11 YU230005TF;Porta Ferramentas
31_000028702;PORTA FERRAM. E40x246 TDJNR15 YU230004TF;Porta Ferramentas
31_000025349;PORTA FERRAMENTA A25R DWLNL 08;Porta Ferramentas
31_000028706;PORTA FERRAMENTA AV23NL2525M16-A X-90640;Porta Ferramentas
31_003104667;PORTA FERRAMENTA C4-DWLNR-27050-08;Porta Ferramentas
31_000024762;PORTA FERRAMENTA DCLNR 2525 M12-A;Porta Ferramentas
31_000028709;PORTA FERRAMENTA DWLNR 2525 M08;Porta Ferramentas
31_000025816-R;BROCA MD ESC. Ø5,1x32xØ8 (25816-AFIADA);Rotativas
31_000025816;BROCA MD ESC. Ø5,1x32xØ8x130 U1603553;Rotativas
31_000025814-RM;BROCA MD ESC. Ø8,75 (25814-AFIADA) MAIOR;Rotativas
31_000025814-R;BROCA MD ESC. Ø8,75 (25814-AFIADA) MENOR;Rotativas
31_000025814;BROCA MD ESC. Ø8,75x21xØ12x145(U1603554A;Rotativas
31_000005341;BROCA PARAL. MD INTEIRICA 6,0 mm DIN-338;Rotativas
31_000005439;FRESA DE TOPO RETO 7226-8 Ø8,0 mm;Rotativas
31_000014802-R;FRESA FTR MD 2C 7226-6 Ø5 (14802-AFIADA);Rotativas
31_000022374;FRESA VF2XLBR 0100N120S06;Rotativas
31_003104780;INSERTO GIPI 3.00E-0.40 IC808;Insertos
31_000028648;INSERTO GY2M0635J318N-BM MY5015;Insertos
31_000027588;INSERTO TNMG 160408 MP MP3025;Insertos
31_000028722;INSERTO TPGB 110308 PV7005;Insertos
31_003103449;INSERTO TPGB110308 PV7005;Insertos
31_000024802;INSERTO TPMH 110304 - FV VP15TF;Insertos
31_003103527;INSERTO WNMA080412 AC4015K;Insertos
31_003104132;INSERTO WPMT110204HQ CCX;Insertos
31_000018219;PARAFUSO SR 76-1021;Acessórios de torno
31_000006255;PARAFUSO SR 76-1499 P/ MGCH;Acessórios de torno
31_000011462;PARAFUSO TS25D ( MITSUBISHI );Acessórios de torno
31_000011464;PARAFUSO TS31D M3x0,5xD4,8x7,2 82°;Acessórios de torno
31_000025753;PORTA FER.BR0602-C1306-11162488YU160054T;Porta Ferramentas
31_000027010;PORTA FERR. A24X 2S0MX GM 0P1 (7172803);Porta Ferramentas
31_000028721;PORTA FERR. ANTIVIBRATORIA KAV - G20-10D;Porta Ferramentas
31_000024765;PORTA FERR. E24X237 STUPR -11 YU140060;Porta Ferramentas
31_000025809;PORTA FERR. GHIR 20SC-3 MD;Porta Ferramentas
31_000027009;PORTA FERR. MDØ25x191DIFF GM 0P1(7172804;Porta Ferramentas
31_000027748;PORTA FERR. RT-500.11-03222576;Porta Ferramentas
31_000028772;PORTA FERRAME. GYXR2525MX06 OP2 09193735;Porta Ferramentas
31_000028771;PORTA FERRAMENTA 2SOMX GEM PU 08193727;Porta Ferramentas
31_000025804;PORTA FERRAMENTA EF-40-20;Porta Ferramentas
31_000028720;PORTA FERRAMENTA KAVH20-STLPR11;Porta Ferramentas
31_000019966;DISCO DE CORTE 12'' X304,8X3,2X25,4ALCAR;Abrasivos
31_000006112;INSERTO PENTA 24N247 JO20 IC908;Insertos
31_000018867;INSERTO SOMX 070305-DT IC808;Insertos
31_000020767;INSERTO TGMF 304 IC808 - ISCAR;Insertos
31_000000188;LIMA AGULHA PARALELA B-140MM;Serra e Lima
31_000000187;MACHO MAQ.5/16+0,03+0,05 D-2183 (96607);Rotativas
31_000000328;"REBOLO 44,45X4 1.3/4X1/8"""" DR P.MONTADA";Abrasivos
31_000024821;PORTA F S32S3CCL06 2F03/G05743 09151863;Porta Ferramentas
31_000024541;BROCA MD 3C Ø5,88X5X6,082X42X6X80L FUT;Rotativas
31_000023722;CALÇO LLSTP32;Acessórios de torno
31_000028483;CARACOL 20HE17/2;Caracol e Fell
31_000005481;PORTA FERR. GHIL-20- 3- ISCAR;Porta Ferramentas
31_000026109;PORTA FERR. MTFNL 2525 M16Z;Porta Ferramentas
31_000001899;PORTA FERR.S20S SCLCL-09M 82 005 071;Porta Ferramentas
31_000001900;PORTA FERR.S20S SCLCR-09M;Porta Ferramentas
31_000010264;PORTA FERR.S25S MTLNR- 16W;Porta Ferramentas
31_000016150;PORTA FERR.SVJNL 2525K-12F;Porta Ferramentas
31_000014760;PORTA FERR.SVJNR 2525K-12F;Porta Ferramentas
31_033103494;REBOLO RETO 203,2X25,4X31,75 38A60KVS;Abrasivos
31_000016859;LOGOTIPO MARC. FI-001-CT (2H26340);Logotipo
31_000014726;PORTA FER. S16R STFCR-11 45° (820028633);Porta Ferramentas
31_000019046;BROCA ESP. DR210 - 042 - 25 - 07 -2D -N;Rotativas
31_000011859;BRUNIDOR SINT. BOR. MSØ30 5x7,8x30;Brunidores
31_000007111;CARACOL 40HC63/4;Caracol e Fell
31_000024502;CARACOL 40HC63/6;Caracol e Fell
31_003013793;HASTE BRUNIR D.19,3 4 ALOJ. ANEL P/MOLA;Brunidores
31_000019499;INSERTO AOMT 030204 - N - 45DT IC1008;Insertos
31_000010021;PARAFUSO SR 14-591 (IBR 036);Acessórios de torno
31_000028752;PINÇA FIXAÇÃO P/BARRA REDONDA DIAM 33,34;Outros
31_000028753;PINÇA FIXAÇÃO P/BARRA REDONDA DIAM 36,51;Outros
31_000006113;PORTA FERR.PCHR 25-24;Porta Ferramentas
31_000020766;PORTA FERR.TGDR 2525-3M;Porta Ferramentas
31_000024615;INSERTO SCGX070308-P2,DP3000;Insertos
31_000022341;INSERTO SCMT 09T308-MM MC7025;Insertos
31_000024614;INSERTO SPGX0903-C1,T400D;Insertos
31_000024541-R;BROCA MD 3C Ø5,88X5 (24541-AFIADA);Rotativas
31_000013900-R;BROCA MD.2C D6,28x44 (13900-AFIADA);Rotativas
31_000010082;BROCHA 19 BE 15/5  C/ REVESTIM. BALINIT;Revestimentos
31_000013039;INSERTO ADKT 1505 PDR-HM IC328;Insertos
31_000026682;INSERTO TPMH 160302 SV VP15TF;Insertos
31_000018054;PORTA FERR. 820028278 - A16R SDUCL 07-EX;Porta Ferramentas
31_000019546;DRESSADOR RET EIXO 232 LAPIDADO 4 FACES;Dressadores
31_000022336;GRAMPO DCK2211 P/ DDJNL/R;Acessórios de torno
31_000028856;INSERTO CCMT 060204 LS MP9005;Insertos
31_000016989;INSERTO DNGA 150412 TO 1525 A66N;Insertos
31_000019547;INSERTO VBGW 160408S-01525 L1-B, CBN060K;Insertos
31_000022335;PINO DE ACO - LLP23  p/ DDJNL/R;Acessórios de torno
31_003103294;PORTA FERR S40K MTUNL11 24927 REAFIADO;Porta Ferramentas
31_003103293;PORTA FERR S40K MTUNR11 24926 REAFIADO;Porta Ferramentas
31_000025351;PORTA FERR. A25R DTFNL 16;Porta Ferramentas
31_000025352;PORTA FERR. A25R DTFNR 16;Porta Ferramentas
31_000019233;PORTA FERR. S40K MTUNL-11MB-11143  P/ GM;Porta Ferramentas
31_000019169;PORTA FERR. S40K MTUNR-11 MB11522  P/ GM;Porta Ferramentas
31_000021613;REBOLO 25X40X10 5GT 80 K6 VR1;Abrasivos
31_000008931;REBOLO 35X40X12,7  3SW80J6 V8N;Abrasivos
31_000015973;REBOLO RT-19X19X8,0  5GT80K6VRI;Abrasivos
31_000004923;REBOLO 406x40x127GE3SK80J6V8N(GP-532);Abrasivos
31_000002045;ALARGADOR CHANFRADOR 3C.8401 ITEM 01;Rotativas
31_000027653;BROCA  ESP. DCN 100-015-16A-1.5D;Rotativas
31_000001375;BROCA CONICA AR 10,2MM DIN-345;Rotativas
31_000016857;BROCA DCN 080 - 012 - 12A - 1.5D;Rotativas
31_000026691;BROCA MDØ10,6x10xD17,25x1,3x20x90l ALNOV;Rotativas
31_000000264;BROCA PAR. 6,1mm DIN-340RN RVP DORMER;Rotativas
31_000017740;CALÇO CG0525S MD P/COROA;Acessórios de torno
31_000000095;CARACOL 102HC159/2;Caracol e Fell
31_000026904;CARACOL 102HC159/4;Caracol e Fell
31_000002148;CARACOL 85 HC127/1-A (ASP 2052 90X130);Caracol e Fell
31_000026902;CARACOL 85HC127/4;Caracol e Fell
31_000025893;DRESSADOR CONGLOM. RED12x8 HASTEØ11 1820;Dressadores
31_000018313;FRESA FTR MD Ø11x25xD12x75L XTR 88422084;Rotativas
31_000000170;FRESA TOPO 14MM 802/2 DIN 844  OSG;Rotativas
31_000028160;GRAMPO AMS4 P/ (S1VN 25CN);Acessórios de torno
31_000019500;INSERTO AOMT 060204 - 45DT IC508;Insertos
31_000006154;INSERTO C1603 B;Insertos
31_000024596;INSERTO DCMT11T308-MV VP15TF;Insertos
31_000006115;INSERTO GIQR 8-2,00-010-IC528;Insertos
31_000016858;INSERTO ICP 084  IC908;Insertos
31_000027652;INSERTO ICP 104 IC908;Insertos
31_000026723;INSERTO ICP 106 IC908;Insertos
31_000027590;INSERTO VNMG 160408 MS MP9005;Insertos
31_000000199;"LIMA REDONDA  B-8""  C/ CABO  STARRETT";Serra e Lima
31_000000197;"LIMA TRIANGULAR  B-6""  STARRET";Serra e Lima
31_000027155;LOGOTIPO MARC. MUSASHI Nº 44 2YA01310;Logotipo
31_000014684;LOGOTIPO SETA DRIVE (3H29110/3H69110);Logotipo
31_000028161;PARAFUSO AJS4012T15 P/(AMS4) S1VN 25CN;Acessórios de torno
31_000027271;PARAFUSO H304 1BZ;Acessórios de torno
31_000023363;PORTA FER.SD1C3XCLR/L 2525 (820029352 );Porta Ferramentas
31_000027976;PORTA FERR. 2CC091VN16 2YA02310(10183423;Porta Ferramentas
31_000027589;PORTA FERR. S1VN25CN 2525 (09172987)3H69;Porta Ferramentas
31_000004597;PORTA FERR. S32U SVUBR-16;Porta Ferramentas
31_000006155;PORTA FERRAMENTA CHANFRADOR ST12BC0525;Porta Ferramentas
31_000004192;PORTA FERRAMENTA S2CXCN2035 E06 07172793;Porta Ferramentas
31_000000342;REBOLO 150X106X98/33 DR46I6V15 SEGTO.;Abrasivos
31_000005458;REBOLO 300X40X127 AA46K6V51 RT;Abrasivos
31_000000238;ALAVANCA 174.3-841;Acessórios de torno
31_000014703;BROCA CONICA AR 11,0MM DIN-345  TWILL;Rotativas
31_000028157;BROCA DCN 105 - 016 - 16R - 1.5D;Rotativas
31_003102701;BROCA MD D10,6xCH0,5xD17xCHxD18;Rotativas
31_000004954;BROCA MD DIN-338 Ø8,4x75xD8,5x117L FUT;Rotativas
31_000020115;BROCA MM105 - 013RA -N4R21123 (3H41130);Rotativas
31_000026585;BROCA MN105 - 015RA -N4R8050 (3H69130);Rotativas
31_000006616;INSERTO PENTA 24N300 J040 IC908;Insertos
31_000025621;LOGOTIPO 3.5mm 3H32110-FI-001-CT;Logotipo
31_000012248;LOGOTIPO 3H17110 KPE7300 MINTH 3MM DRIVE;Logotipo
31_000025353;LOGOTIPO FI-001-CT SETA KVS (3H82110);Logotipo
31_000007481;LOGOTIPO MARC. 3A-10767-CT KRM (3H26110);Logotipo
31_000012322;LOGOTIPO MARC. 3A-9931-CT (3H27110);Logotipo
31_000023248;LOGOTIPO MARC. Nº44 F1-001-CT (2H73310);Logotipo
31_000013342;LOGOTIPO MIN TH FI001CT (3H29110/3H8210);Logotipo
31_000025620;LOGOTIPO MIN. TH 3H32110-FI-001-CT;Logotipo
31_000025619;LOGOTIPO SETA 3H32110-FI-001-CT;Logotipo
31_000000376;PARAFUSO 5512.090.01;Acessórios de torno
31_000028159;PINO DO CALÇO 36X138B p/ MTLNR/L;Acessórios de torno
31_000027016;PORTA FERR. 1TN2CCR 2020 (820028782);Porta Ferramentas
31_000027753;PORTA FERR. 2SC1VN 09172987 (3H69130);Porta Ferramentas
31_000004592;PORTA FERR. MWLNL 2525 M-8;Porta Ferramentas
31_000002605;PORTA FERR. S32U SVUBL-16 82005435;Porta Ferramentas
31_000022373;PORTA FERR.MTENN2020S2XSSCR-09(820029601;Porta Ferramentas
31_000019047;PORTA FERR.S32K SSSCL 09 ( 820029009 );Porta Ferramentas
31_000013570;REBOLO ANEL 457,2x100x355,2 IPA46J128493;Abrasivos
31_000028141;REBOLO ANEL 457X100X355,6-406,2X60 C/REB;Abrasivos
31_000005603;LOGOTIPO FI-004CT Nº50 (2H27310/2H29310);Logotipo
31_000005597;LOGOTIPO MARC. Nº38 3A-9340CT (2H24310);Logotipo
31_000005963;INSERTO TPGX 090208-HTI05T (MITSUBISHI);Insertos
31_000013349;PORTA FER. MET. DURO FSTUP1412R-09E Ø12;Porta Ferramentas
31_000000309;BROCA CENTRO AR 4,0X10,0 D-333A TWILL;Rotativas
31_000001299;BROCA CONICA AR  8,4 DIN-345 TWILL;Rotativas
31_000025817;BROCA MD ESCØ8,75x21xØ7,2x15x12x168MX460;Rotativas
31_000010197;BROCHA 20 BE 15/2 (HURTH-INFER);Brocha
31_000023342;BROCHA 40BC20/1;Brocha
31_000028539;BROCHA 50BC30/1;Brocha
31_000026531;BRUNIDOR B270 MU1 L7 3,5W R1,75 30L;Brunidores
31_000028769;CARACOL 15HE17/1;Caracol e Fell
31_000028725;CARACOL 17HE17/2;Caracol e Fell
31_000028724;CARACOL 17HE20/18;Caracol e Fell
31_000028484;CARACOL 20HE20/B3;Caracol e Fell
31_000028649;CARACOL 78HC127/1;Caracol e Fell
31_000028660;CARACOL 85HC127/12;Caracol e Fell
31_000025917;CHAVE TORX TORQUIMETRO 5680.100-01 T6;Acessórios de torno
31_000000315;DRESSADOR 8X30MM 0,60KLT 5D-7913;Dressadores
31_000001632;DRESSADOR CONGLOMERADO 7D-8510 CT;Dressadores
31_000018839;FRESA  ETM4040-10-TH Ø4,0xR1,0;Rotativas
31_000018836;FRESA  HSLB 2030-080 Ø3,0xR1,50;Rotativas
31_000027586;FRESA D2XR0.5-L15 VFHVRBD0200R05N015;Rotativas
31_000027585;FRESA D3XR0.5-L15 VFHVRBD0300R05N015;Rotativas
31_000005442;FRESA DE TOPO RETO 7226-14 Ø14,0 mm;Rotativas
31_000019588;FRESA ESP. EPDBE2020-14-ATH  Ø2,0xR1,0;Rotativas
31_000019587;FRESA ESP. EPDBE2030-16-ATH  Ø3,0xR1,5;Rotativas
31_000019706;FRESA ESP. KB-MEC16-S14-11T  Ø16;Rotativas
31_000019707;FRESA ESP. KB-MEC20-S18-11T  Ø20;Rotativas
31_000008221;FRESA ESP. MP3XBR0150N034T3  Ø3,0;Rotativas
31_000006144;FRESA FTE MD 2C Ø10x22xD10x92L 88422082;Rotativas
31_000028612;FRESA HGB 2060-0900;Rotativas
31_000028613;FRESA HSLB 2004-020;Rotativas
31_000028614;FRESA HSLB 2010-040-6;Rotativas
31_000028615;FRESA HSLB 2010-060-6;Rotativas
31_000028616;FRESA HSLB 2015-060-6;Rotativas
31_000028617;FRESA HSLB 2020-060-6;Rotativas
31_000018837;FRESA HSLB 2020-080-6;Rotativas
31_000028619;FRESA HSLB 2040-080;Rotativas
31_000028621;FRESA HSLB 2060-100;Rotativas
31_000028622;FRESA SSBL200 R0.5*6;Rotativas
31_000028623;FRESA SSBL200 R1*8;Rotativas
31_000017961;FRESA T. MD. 4C. Ø12x10xD11,48 -88422079;Rotativas
31_000006149;FRESA TOPO R216.34-12050-AK26H Ø12,0mm;Rotativas
31_000020417;FRESA VF-2XLB R0100N060S06 (MITSUBISHI );Rotativas
31_000020415;FRESA VF-HVRB R10N0400012(MITSUBISHI);Rotativas
31_000028727;GAIOLA DE ROLETE 2YA04420;Outros
31_000028726;GAIOLA DE ROLETE 2YA09720/ 2YA09920;Outros
31_000009933;GRIND STONE WA120 CM55 ( 4x13x3 );Abrasivos
31_000022906;INSERTO ROSCA EXT. WT16 ER G60 WN2020;Insertos
31_000026595;INSERTO SCMT 120408-MK MC5005;Insertos
31_000025840;INSERTO TQC 27 3.00 0,4 TT9080;Insertos
31_000024799;INSERTO WDXT 073506 - H ACK300;Insertos
31_000018942;INSERTO XNEX 080608 TR - M13 MP2500;Insertos
31_000028817;LOGOTIPO 2YA03320-FI-011-CT;Logotipo
31_000026022;MACHO MAQ. M10x1,25 5HX RETO ALTIN MT;Rotativas
31_000005133;PORTA FERR. MGCH 06;Porta Ferramentas
31_000019425;PORTA FERR.GHIR 20 - 3;Porta Ferramentas
31_000028090;REBOLO COPO Ø 101,6X50,8X31,8 AA80K6V2;Abrasivos
31_000002608;"SERRA FITA 1""x4-6x4,46M M-42";Serra e Lima
31_000028467;SHAVING 20 CS 17/1;Shaving
31_000001288;REBOLO ESP. 350x50x127 99A46J6V51;Abrasivos
31_003004652;"BEDAME RETO 1/2"" x 1/8"" x 4.1/2"" 10% Co";Outros
31_003061148;"BITS DE ACO QUADRADO 5/8''x5""";Outros
31_003002551;"BITS QUADRADO 1/2X4""";Outros
31_000028780;BROCHA 23BE 18/3;Brocha
31_003095777;DISCO DE CORTE DTD Ø150x1,5x6xF 32mm;Abrasivos
31_000005753;DRESSADOR CAB/SEXT. CT-8x40;Dressadores
31_000020587;INSERTO JOMW 06T215ZZSR-FT VP15TF;Insertos
31_000020588;PORTA FERR. AJX06R 203SA20S;Porta Ferramentas
31_000007273;REBOLO 200X12,7X32 A80N6V13 RT.;Abrasivos
31_000001308;REBOLO 200X12,7X32 AA60J6V15 RT.;Abrasivos
31_000001546;REBOLO 220X12,7X65 AA60J6V15 RT.;Abrasivos
31_000001356;REBOLO DTE 150x20x3 DBH50 97291747;Abrasivos
31_000019648;REBOLO PIRES CBN B126V240 30X1,6X6 R0,8;Abrasivos
31_000019649;REBOLO PIRES CBN B126V240 40X1,6X6 R0,8;Abrasivos
31_000019650;REBOLO PIRES CBN B126V240 50X1,6X6 R0,8;Abrasivos
31_000019652;REBOLO PIRES CBN B126V240 75X1,6X6 R0,8;Abrasivos
31_003084735;REBOLO RES DTE 6A2 150X10X3 DB(97291741);Abrasivos
31_000001320;REBOLO RESIN. DIAMANT.11V9 D151 C175 KTN;Abrasivos
31_000015275;BROCA CANHÃO B4015.F200Z02100R Ø 20,0;Rotativas
31_000004595;BROCA CONICA AR 11,8 mm DIN-345  TWIIL;Rotativas
31_000001302;BROCA CONICA AR 12,3MM DIN-345 TWILL;Rotativas
31_000000289;BROCA CONICA AR 18,5MM DIN-345;Rotativas
31_000004873;BROCA PAR. MD DIN-338 Ø2,1x24xD3x59L FUT;Rotativas
31_000000314;DRESSADOR D200 6,2x26 5A-0659CT 0,60klts;Dressadores
31_000000316;DRESSADOR FLIESEN F02/001 (P2B1);Dressadores
31_000018840;FRESA  ETM4030-08-TH Ø3,0xR0,80;Rotativas
31_000006142;FRESA  FTE2C D6x15xD6x80L R3XTR 88422087;Rotativas
31_003103042;FRESA 20x170 MEC20-S20-170-11T;Rotativas
31_003104049;FRESA D.16 NB-MEC16-S15-200-11T-AA1;Rotativas
31_000005439-R;FRESA DE TOPO Ø8,0 mm (5439-TRANSF.);Rotativas
31_000004714;FRESA FTR MD 2C 7226-Ø20x37xD20x92L XTR;Rotativas
31_000005440-R;FRESA FTR MD 7226-10 Ø10 (5440-TRANSF.);Rotativas
31_000002202;FRESA FTT. 7C.8420-CT-25 Ø5x45L R1,2;Rotativas
31_000017961-R;FRESA T. MD. 4C. Ø12x10 (17961-AFIADA);Rotativas
31_000002130;FRESA TOPO ESP. 7C.8420-CT-02 Ø3xR1,0;Rotativas
31_000002201;FRESA TOPO ESP. 7C.8420-CT-24 Ø4xR1,0;Rotativas
31_000004163;FRESA TOPO ESP. 7C.8420-CT-40 Ø5xR2,5;Rotativas
31_000002131-R;FRESA TOPO ESP.Ø4xR0,0 (2131-AFIADA);Rotativas
31_000012609;INSERTO ESP. H490 ANKX170608PNTR IC928;Insertos
31_000005131;INSERTO GIQR 8-1,20-R.6;Insertos
31_000005368;INSERTO P28467-5 WKP35 BRC40WALTER/DURIT;Insertos
31_000015723;INSERTO P6001D20R WPP45C;Insertos
31_000021422;INSERTO SONX 1206PER VP15TF;Insertos
31_000013749;INSERTO SPMT 060304 D51 WKP35;Insertos
31_000020787;INSERTO TAWNH3000T  VP15TF  Ø30,0;Insertos
31_003008810;MACHO DIREITO M10 6H,MANUAL,MARCA OSG;Rotativas
31_003008812;MACHO DIREITO M12 6H, MANUAL, MARCA OSG;Rotativas
31_003001922;MACHO M3 6H DIREITO OSG;Rotativas
31_003040736;PORTA FERRAMENTA DWLNR 2020 K 08;Porta Ferramentas
31_000001885;REBOLO 12,7X30X6 3SW80J6V8N (SIVAT);Abrasivos
31_000019049;REBOLO 200x25,4X31,75 GC80-J6V25;Abrasivos
31_000001433;REBOLO 30X30X8 AA6OJ6V15;Abrasivos
31_003039138;REBOLO 30x30x8 ART GC80 J6V25;Abrasivos
31_000007331;REBOLO 508x40x203,2/508x16x203,2 GP 537;Abrasivos
31_000000341;REBOLO 55X40X12,7 3SW80J6 V8N.;Abrasivos
31_003103752;REBOLO CBN  1A1 D20x30xD8 B151;Abrasivos
31_000018875;FRESA  EPDBPE2010-8-04- ATH Ø1,00xR0,50;Rotativas
31_000021516;FRESA EPDBE2015-12-PN  Ø1,5xR0,75 HITACH;Rotativas
31_000021515;FRESA ESP. EPDBE2020-6-PN  Ø2xR1 HITACHI;Rotativas
31_000021514;FRESA ESP. EPDBE2040-13-PN Ø4xR2 HITACHI;Rotativas
31_000019586;FRESA ESP. ETMLN 4040-20-10-TH Ø4,0xR1,0;Rotativas
31_000020579;FRESA FTE.MD.Ø12x15x10,98x52x95 88422091;Rotativas
31_000025862;FRESA HSLB 2060-100 R3,0 D6,0;Rotativas
31_000020420;FRESA VF2XLBR 0100N080S06 (MITSUBISHI );Rotativas
31_000021187;INSERTO SRFT12 MP8010  MD C/C Ø12;Insertos
31_000027946;INSERTO SUFT 12R05 VP15TF;Insertos
31_000020770;BROCA ESP. TAWMN3000S32 Ø30 5xD;Rotativas
31_003093030;CALÇO SPSVN 32;Acessórios de torno
31_000001866;DRESSADOR LAPIDADO 5D.8226-CT1,5KLT-5D;Dressadores
31_000018873;FRESA  EPDBP 2030 -8-04-TH(Ø3.00 R 1.50);Rotativas
31_000021186;FRESA  ESP. SRFH12S12MW;Rotativas
31_000021600;FRESA  HSLB 2015-080-6 Ø1,5xR0,75;Rotativas
31_000021599;FRESA  HSLB 2030-100 Ø3,0xR1,50;Rotativas
31_000021598;FRESA  HSLB 2040-120 Ø4,0xR2,0;Rotativas
31_003013825;FRESA 2KMBL0200-1200-S4;Rotativas
31_000005436;FRESA DE TOPO ESFERICO 7606-20 Ø20,0 mm;Rotativas
31_000020731;FRESA EPDBE 2020 -10-ATH R1x10 Ø2mm;Rotativas
31_000020730;FRESA EPDBE 2040 - 10 ATH Ø 4mm R2;Rotativas
31_000025410;FRESA EPDBE2030-10ATHØ3,0xR1,5(FORD-MX65;Rotativas
31_000021603;FRESA ESP. EPDBE 2040-10-PN Ø4xR2 HITACH;Rotativas
31_000019398;FRESA ESP. EPDBE2020-8-PN  Ø2xR1,00;Rotativas
31_000019397;FRESA ESP. EPDBE2030-8-PN  Ø3,0xR1,50;Rotativas
31_000023116;FRESA ESP. MS2XLBR0050N120 Ø1,0xR0,5;Rotativas
31_000008224;FRESA ESP.Ø2 CRN2XLBR0100N100S06 R1,0x10;Rotativas
31_000008223;FRESA ESP.Ø3 CRN2XLBR150N160S06 R1,5x15;Rotativas
31_000005433;FRESA FTE 2C 7606-8 Ø8x52L XTR 23160800;Rotativas
31_000006144-R;FRESA FTE MD 2C Ø10x22 (6144-TRANSF.);Rotativas
31_000025408;FRESA HSLB 2030-060 Ø3,0xR1,5(FORD-MX65);Rotativas
31_000025407;FRESA HSLB 2040-080 Ø4,0xR2,0(FORD-MX65);Rotativas
31_000028620;FRESA HSLB 2040-100;Rotativas
31_000025409;FRESA HSLB2020-060-6 Ø2,0xR1,0(FORD-MX6);Rotativas
31_000025406;FRESA MD 2C D6x10x5,8x10xD6x100L ALCRONA;Rotativas
31_000025751;FRESA Ø3x8xØ6x70 R1,5 CRN2MBR0150S06;Rotativas
31_000006143;FRESA T. ESF. D8x25xD8x75L FUT. 88422100;Rotativas
31_000002967;FRESA TOPO ESP. 7C.8420-CT-37 Ø8xR2,5;Rotativas
31_000012395;FRESA TOPO M.D CRN2XLBR0030N060S04 Ø 0,6;Rotativas
31_000012396;FRESA TOPO M.D CRN2XLBR0050N080S04 Ø 1,0;Rotativas
31_000002132-R;FRESA TOPO MD 2C Ø6x15x8 (2132-TRANSF.);Rotativas
31_000021523;FRESA VF2SSBR0200 Ø4,0XR2,00(MITSUBISHI);Rotativas
31_000020416;FRESA VF-2XLB R0150N080S06 (MITSUBISHI );Rotativas
31_000020419;FRESA VF-2XLB R050N060S06 (MITSUBISHI );Rotativas
31_000020418;FRESA VF-2XLB R075N060S06 (MITSUBISHI );Rotativas
31_000021524;FRESA VF2XLBR0075N080S06 Ø1,5XR0,75;Rotativas
31_000025228;FRESA VF2XLBR0150N100S06/EPDBE2030-10 Ø3;Rotativas
31_000003138;GRIND STONE CA3273;Abrasivos
31_000009932;GRIND STONE WA120 (2x5x3) - CMP66H;Abrasivos
31_000009936;GRIND STONE WA120 OX44 ( 8x20x3 );Abrasivos
31_000004193;GRIND STONE WA-180 3x8x3;Abrasivos
31_000009934;GRIND STONE WA80 CM55 ( 4x13x3 );Abrasivos
31_000009935;GRIND STONE WA80 CM55 ( 6x17x3 );Abrasivos
31_000003140;GRINDING WEEL MW001 3x10x3x30;Abrasivos
31_000003139;GRINDING WEEL MWDR6- 6x17x3 WA-220 CM55;Abrasivos
31_000002813;INSERTO TCMT 06T104-PF 5015;Insertos
31_000002715;INSERTO TPGX 110304-HTI05T;Insertos
31_000020219;PASTA DIAMANTADA PD004 D1.1/2 MICRON 1-2;Outros
31_000020220;PASTA DIAMANTADA PD009 D9 MICRON 6-2;Outros
31_000020221;PASTA DIAMANTADA PD010 D15 MICRON 10-20;Outros
31_000020222;PASTA DIAMANTADA PD011 D30 MICRON 20-40;Outros
31_000013350;PORTA FERR. MET. DURO FSTUP1816R-11E Ø16;Porta Ferramentas
31_000001978;PORTA FERR. S16R-SVXBR-16;Porta Ferramentas
31_000001994;PORTA FERR. SVJCR 2525-16;Porta Ferramentas
31_000010263;PORTA FERRAMENTA S25S MTLNL - 16W;Porta Ferramentas
31_003104623;PORTA FERRAMENTA SVJCR 2525 16 06235210;Porta Ferramentas
31_000028089;REBOLO COPO Ø 100X60X32 A60N6V3;Abrasivos
31_000020215;REBOLO PONTA MONTADA DE FELTRO AB0509A;Caracol e Fell
31_000020216;REBOLO PONTA MONTADA DE FELTRO AB0610A;Caracol e Fell
31_000007281;BROCA CONICA AR  6,5mm DIN-345;Rotativas
31_000000282;BROCA CONICA AR 13,0MM DIN-345  TWILL;Rotativas
31_000000285;BROCA CONICA AR 15,5MM DIN-345;Rotativas
31_000000287;BROCA CONICA AR 16,5MM DIN-345;Rotativas
31_000028279;LOGOTIPO 50 2H27310 FI xxx CT;Logotipo
31_000028525;LOGOTIPO008010/2019 INMETRO2H24/27/86320;Logotipo
31_000013348;PORTA FERR. MET. DURO FSTUP1210R-09E Ø10;Porta Ferramentas
31_000016827;BROCA CANHÃO. B4015 F32280Z02140R Ø 28,0;Rotativas
31_000015279;BROCA ESP. B3213F.040Z01120R;Rotativas
31_000000140;BROCHA 130 BX/1;Brocha
31_000013255;BROCHA 16 BE 13/4;Brocha
31_000007116;"BROCHA 17 BE 14/1 C/ REVEST. ""BALINIT A""";Revestimentos
31_000001602;BROCHA 18 BS 50/1 S/ REVESTIMENTO;Revestimentos
31_000012221;BROCHA 6 BS 50/4;Brocha
31_000020973;CARACOL 17HE20/17;Caracol e Fell
31_000013914;CARACOL 20 HE 20/2B;Caracol e Fell
31_000023055;CARACOL 85HC127/1B;Caracol e Fell
31_000016508;CHAMRING 090 - WN20 - 06;Outros
31_000001764;ESCARIADOR ESPECIAL 7A 7703-CT;Rotativas
31_000018939;FRESA ESP.  R220.96-0080-08-7A  90gX80m;Rotativas
31_000013038;FRESA ESPECIAL  HM90F90A D40-A-16;Rotativas
31_000023084;FRESA TOPO ESF. Ø2mm VCXBR0100T0500;Rotativas
31_000002135;FRESA TOPO ESP. 7C.8420-CT-11 Ø10xR1,1;Rotativas
31_000004160;FRESA TOPO ESP. 7C.8420-CT-38 Ø3xR1,5;Rotativas
31_000016826;INSERTO P6001D28R WXP45;Insertos
31_000007997;LOGOTIPO FI-202CT Nº43 (2H26310/2H40310);Logotipo
31_000023247;LOGOTIPO MARC. KBP15T FI-001CT (2H73320);Logotipo
31_000024770;PORTA FERR. AD30NR 2525 M15-A(10162445 );Porta Ferramentas
31_000024768;PORTA FERR. E24X193 STUPR - 11 YU140059;Porta Ferramentas
31_000024769;PORTA FERR. E25X199 SVUCR - 11 YU140061;Porta Ferramentas
31_000024764;PORTA FERR. E26X105 CCLNR - 09 YU150012;Porta Ferramentas
31_000018499;PORTA FERR. GHGR 20-4;Porta Ferramentas
31_000004357;PORTA FERR. MTXNL 2525 -16 (MB-13201);Porta Ferramentas
31_000013994;PORTA FERR. S12M-SVZCL08-16E;Porta Ferramentas
31_000013993;PORTA FERR. S12M-SVZCR 08-16E;Porta Ferramentas
31_000020875;PORTA FERR. SVJCR 2020-16;Porta Ferramentas
31_000025281;PORTA FERR. THSNL 2020 K05;Porta Ferramentas
31_000016988;PORTA FERR.DSSNL 2525 M12 (82.007.804);Porta Ferramentas
31_000016208;PORTA FERR.GAD 4N;Porta Ferramentas
31_000001525;PORTA FERR.L151.21.2020-30;Porta Ferramentas
31_000023010;PORTA FERR.S32K SSSCR 09 ( 8200209481);Porta Ferramentas
31_000011031;PORTA FERR.TGDL 2525-4M;Porta Ferramentas
31_000001235;SHAVING 17 CS 14/1 DT 6507-99 MERGULHO;Shaving
31_000007582;SHAVING 17 CS 14/6 (DT-8084/04);Shaving
31_000024519;SHAVING 17 CS 20/15;Shaving
31_000010497;SHAVING 17 CS 20/5  ( DT-8435/05 );Shaving
31_000021038;SHAVING 20CS 20/ESPECIAL;Shaving
